,0,1,2,3,4
a.ahmed1026@gmail.com,26.0,26.0,5.0,6.0,5.0
abenson@mozilla.com,26.0,26.0,26.0,7.0,26.0
adw@mozilla.com,16.0,11.0,10.0,11.0,9.0
agashlin@mozilla.com,26.0,30.0,15.0,39.0,3.0
agibson@mozilla.com,26.0,12.0,19.0,4.0,16.0
aklotz@mozilla.com,26.0,2.0,16.0,3.0,26.0
alwu@mozilla.com,26.0,20.0,27.0,19.0,47.0
amarchesini@mozilla.com,6.0,5.0,10.0,8.0,10.0
andrei.br92@gmail.com,26.0,26.0,16.0,3.0,5.0
arai.unmht@gmail.com,5.0,4.0,6.0,4.0,6.0
aryx.bugmail@gmx-topmail.de,26.0,26.0,2.0,10.0,6.0
bas@basschouten.com,26.0,1.0,13.0,5.0,3.0
bdahl@mozilla.com,26.0,15.0,14.0,14.0,14.0
bgrinstead@mozilla.com,4.0,4.0,5.0,7.0,9.0
bharatraghunthan9767@gmail.com,26.0,26.0,3.0,26.0,26.0
bob.silverberg@gmail.com,26.0,26.0,11.0,5.0,26.0
bobm@mozilla.com,26.0,26.0,4.0,26.0,26.0
botond@mozilla.com,1.0,26.0,24.0,26.0,26.0
bugs@pettay.fi,26.0,26.0,3.0,9.0,18.0
bzbarsky@mit.edu,2.0,9.0,11.0,5.0,26.0
bzhao@mozilla.com,26.0,6.0,3.0,10.0,8.0
cam@mcc.id.au,26.0,3.0,8.0,11.0,26.0
choller@mozilla.com,26.0,26.0,4.0,26.0,26.0
chutten@mozilla.com,4.0,26.0,9.0,6.0,5.0
ckerschb@christophkerschbaumer.com,26.0,26.0,4.0,25.0,1.0
continuation@gmail.com,26.0,26.0,12.0,26.0,5.0
dao+bmo@mozilla.com,5.0,6.0,5.0,5.0,8.0
dharvey@mozilla.com,26.0,13.0,5.0,8.0,23.0
dholbert@mozilla.com,26.0,4.0,6.0,6.0,10.0
dkeeler@mozilla.com,2.0,16.0,7.0,12.0,6.0
dlee@mozilla.com,26.0,26.0,5.0,26.0,26.0
dmajor@mozilla.com,2.0,2.0,7.0,5.0,26.0
dmose@mozilla.org,26.0,26.0,11.0,16.0,5.0
dothayer@mozilla.com,26.0,20.0,18.0,9.0,14.0
dtownsend@mozilla.com,3.0,12.0,6.0,11.0,10.0
echuang@mozilla.com,26.0,26.0,23.0,26.0,26.0
edilee@mozilla.com,3.0,7.0,7.0,5.0,8.0
ehsan@mozilla.com,3.0,5.0,5.0,6.0,5.0
enndeakin@gmail.com,11.0,26.0,13.0,16.0,10.0
epang@mozilla.com,26.0,26.0,26.0,15.0,26.0
evan@tseng.io,26.0,26.0,10.0,10.0,15.0
evilpies@gmail.com,26.0,8.0,11.0,8.0,3.0
ewright@mozilla.com,26.0,26.0,3.0,10.0,17.0
felipc@gmail.com,7.0,14.0,10.0,12.0,10.0
francesco.lodolo@gmail.com,2.0,19.0,5.0,8.0,7.0
gijskruitbosch+bugs@gmail.com,6.0,10.0,8.0,7.0,9.0
giorgos@mozilla.com,26.0,26.0,12.0,2.0,26.0
gsvelto@mozilla.com,26.0,5.0,13.0,26.0,2.0
haftandilian@mozilla.com,26.0,15.0,12.0,6.0,26.0
honzab.moz@firemni.cz,26.0,37.0,13.0,11.0,26.0
hskupin@gmail.com,26.0,1.0,5.0,16.0,26.0
ianb@mozilla.com,26.0,6.0,12.0,6.0,4.0
iann_bugzilla@blueyonder.co.uk,2.0,26.0,11.0,26.0,1.0
jaws@mozilla.com,8.0,8.0,8.0,7.0,6.0
jbuckley@mozilla.com,3.0,26.0,8.0,1.0,26.0
jdescottes@mozilla.com,26.0,26.0,3.0,6.0,26.0
jfkthame@gmail.com,26.0,2.0,8.0,8.0,30.0
jgruen@mozilla.com,26.0,26.0,26.0,7.0,2.0
jhirsch@mozilla.com,26.0,26.0,9.0,26.0,5.0
jhofmann@mozilla.com,11.0,10.0,10.0,10.0,12.0
jmaher@mozilla.com,3.0,29.0,8.0,36.0,4.0
jmuizelaar@mozilla.com,26.0,7.0,9.0,11.0,2.0
jvarga@mozilla.com,26.0,26.0,12.0,26.0,26.0
jwatt@jwatt.org,5.0,9.0,3.0,7.0,26.0
karlt@mozbugz.karlt.net,26.0,4.0,4.0,13.0,2.0
khudson@mozilla.com,26.0,26.0,8.0,4.0,7.0
kmaglione+bmo@mozilla.com,2.0,2.0,10.0,11.0,13.0
ksteuber@mozilla.com,26.0,7.0,10.0,3.0,15.0
l10n@mozilla.com,26.0,2.0,16.0,26.0,6.0
landry@openbsd.org,26.0,2.0,5.0,26.0,26.0
lcrouch@mozilla.com,26.0,12.0,4.0,10.0,26.0
lgreco@mozilla.com,26.0,26.0,6.0,3.0,26.0
linuxwolf@outer-planes.net,26.0,2.0,2.0,26.0,4.0
lsalzman@mozilla.com,26.0,2.0,4.0,11.0,26.0
m_kato@ga2.so-net.ne.jp,26.0,7.0,11.0,13.0,16.0
markh@mozilla.com,17.0,34.0,8.0,9.0,6.0
masayuki@d-toybox.com,26.0,4.0,9.0,9.0,26.0
mats@mozilla.com,26.0,26.0,26.0,10.0,26.0
matt.woodrow@gmail.com,26.0,26.0,15.0,7.0,4.0
mcastelluccio@mozilla.com,4.0,3.0,8.0,26.0,26.0
mconley@mozilla.com,13.0,13.0,11.0,9.0,7.0
mcooper@mozilla.com,4.0,16.0,11.0,2.0,9.0
mdeboer@mozilla.com,30.0,15.0,10.0,9.0,12.0
mh+mozilla@glandium.org,6.0,4.0,6.0,11.0,8.0
mhowell@mozilla.com,26.0,13.0,10.0,10.0,3.0
mixedpuppy@gmail.com,6.0,20.0,10.0,12.0,5.0
mkmelin+mozilla@iki.fi,26.0,26.0,4.0,26.0,24.0
moz-ian@perix.co.uk,9.0,26.0,12.0,11.0,31.0
mozilla@kaply.com,20.0,1.0,11.0,7.0,6.0
mrbkap@gmail.com,26.0,3.0,18.0,9.0,26.0
mstriemer@mozilla.com,26.0,26.0,14.0,10.0,26.0
myk@mykzilla.org,26.0,26.0,7.0,25.0,7.0
n.nethercote@gmail.com,26.0,26.0,23.0,2.0,7.0
najiang@mozilla.com,3.0,11.0,1.0,26.0,8.0
nhnt11@gmail.com,15.0,16.0,16.0,15.0,9.0
ntim.bugs@gmail.com,1.0,26.0,3.0,6.0,9.0
oriol-bugzilla@hotmail.com,26.0,26.0,2.0,2.0,26.0
paolo.mozmail@amadzone.org,13.0,8.0,10.0,10.0,14.0
pdahiya@mozilla.com,26.0,26.0,4.0,9.0,26.0
peterv@propagandism.org,26.0,13.0,12.0,2.0,26.0
pmac@mozilla.com,26.0,26.0,2.0,26.0,3.0
poirot.alex@gmail.com,26.0,4.0,8.0,2.0,26.0
prathikshaprasadsuman@gmail.com,16.0,32.0,8.0,17.0,15.0
ralin@mozilla.com,26.0,6.0,19.0,15.0,26.0
rfkelly@mozilla.com,26.0,26.0,6.0,14.0,26.0
rhelmer@mozilla.com,26.0,3.0,10.0,2.0,26.0
richard.marti@gmail.com,14.0,9.0,3.0,8.0,11.0
rjesup@jesup.org,26.0,2.0,13.0,9.0,3.0
robert.strong.bugs@gmail.com,2.0,3.0,9.0,4.0,4.0
rrosario@mozilla.com,26.0,3.0,6.0,5.0,20.0
rthijssen@mozilla.com,26.0,26.0,2.0,26.0,26.0
ryanvm@gmail.com,7.0,3.0,6.0,1.0,4.0
sfoster@mozilla.com,26.0,6.0,20.0,11.0,3.0
sledru@mozilla.com,26.0,4.0,7.0,11.0,13.0
standard8@mozilla.com,10.0,9.0,9.0,6.0,3.0
stransky@redhat.com,26.0,26.0,12.0,10.0,5.0
surkov.alexander@gmail.com,26.0,6.0,23.0,5.0,26.0
tihuang@mozilla.com,26.0,26.0,3.0,25.0,47.0
timdream@gmail.com,13.0,4.0,5.0,12.0,5.0
tnguyen@mozilla.com,26.0,26.0,17.0,26.0,26.0
tnikkel@gmail.com,26.0,26.0,2.0,3.0,1.0
usarracini@mozilla.com,26.0,26.0,14.0,6.0,5.0
valentin.gosu@gmail.com,7.0,24.0,18.0,15.0,8.0
vlad@vladikoff.com,26.0,26.0,13.0,9.0,16.0
vporof@mozilla.com,2.0,26.0,7.0,11.0,26.0
xidorn+moz@upsuper.org,26.0,26.0,10.0,11.0,2.0
ydelendik@mozilla.com,8.0,24.0,22.0,4.0,2.0
yzenevich@mozilla.com,26.0,25.0,26.0,10.0,16.0
