,0,1,2,3,4
abel@gcc.gnu.org,26.0,26.0,15.0,26.0,15.0
aldyh@gcc.gnu.org,6.0,4.0,5.0,13.0,8.0
amker@gcc.gnu.org,7.0,15.0,26.0,8.0,11.0
amodra@gmail.com,7.0,8.0,11.0,7.0,3.0
amonakov@gcc.gnu.org,26.0,6.0,2.0,26.0,7.0
aoliva@gcc.gnu.org,8.0,9.0,9.0,8.0,10.0
bergner@gcc.gnu.org,2.0,9.0,3.0,10.0,4.0
bernds@gcc.gnu.org,19.0,15.0,6.0,9.0,9.0
dmalcolm@gcc.gnu.org,9.0,13.0,9.0,4.0,9.0
dominiq@lps.ens.fr,11.0,24.0,26.0,26.0,26.0
ebotcazou@gcc.gnu.org,6.0,7.0,6.0,7.0,6.0
fdumont@gcc.gnu.org,12.0,26.0,1.0,26.0,26.0
gjl@gcc.gnu.org,12.0,4.0,13.0,4.0,3.0
hp@gcc.gnu.org,15.0,3.0,19.0,1.0,3.0
hubicka@gcc.gnu.org,9.0,12.0,8.0,9.0,8.0
jakub@gcc.gnu.org,6.0,5.0,5.0,7.0,5.0
jamborm@gcc.gnu.org,9.0,10.0,11.0,12.0,9.0
janus@gcc.gnu.org,6.0,4.0,5.0,26.0,4.0
jason@gcc.gnu.org,4.0,2.0,4.0,3.0,3.0
jb@gcc.gnu.org,9.0,1.0,6.0,2.0,1.0
kargl@gcc.gnu.org,3.0,2.0,2.0,5.0,6.0
krebbel@gcc.gnu.org,11.0,26.0,14.0,8.0,17.0
ktkachov@gcc.gnu.org,11.0,11.0,7.0,14.0,10.0
marxin@gcc.gnu.org,10.0,8.0,11.0,9.0,9.0
matz@gcc.gnu.org,4.0,5.0,2.0,5.0,6.0
meissner@gcc.gnu.org,8.0,6.0,2.0,9.0,9.0
mpolacek@gcc.gnu.org,5.0,3.0,3.0,5.0,6.0
msebor@gcc.gnu.org,11.0,10.0,8.0,9.0,10.0
nathan@gcc.gnu.org,8.0,1.0,13.0,2.0,5.0
paolo.carlini@oracle.com,4.0,2.0,4.0,2.0,3.0
pault@gcc.gnu.org,10.0,5.0,5.0,2.0,8.0
pinskia@gcc.gnu.org,12.0,9.0,9.0,10.0,6.0
ramana@gcc.gnu.org,26.0,12.0,2.0,13.0,12.0
rearnsha@gcc.gnu.org,26.0,5.0,1.0,6.0,9.0
redi@gcc.gnu.org,7.0,7.0,7.0,8.0,7.0
rguenth@gcc.gnu.org,5.0,5.0,5.0,5.0,5.0
ro@gcc.gnu.org,3.0,5.0,5.0,1.0,1.0
rsandifo@gcc.gnu.org,3.0,4.0,3.0,5.0,7.0
rth@gcc.gnu.org,5.0,5.0,4.0,3.0,7.0
segher@gcc.gnu.org,2.0,6.0,10.0,10.0,7.0
tkoenig@gcc.gnu.org,6.0,5.0,5.0,26.0,8.0
tschwinge@gcc.gnu.org,8.0,3.0,2.0,2.0,1.0
ubizjak@gmail.com,3.0,4.0,4.0,5.0,4.0
unassigned@gcc.gnu.org,3.0,12.0,7.0,12.0,6.0
uweigand@gcc.gnu.org,5.0,7.0,26.0,8.0,4.0
ville.voutilainen@gmail.com,8.0,26.0,16.0,26.0,2.0
vries@gcc.gnu.org,8.0,9.0,6.0,7.0,6.0
