,0,1,2,3,4,5
akurtakov@gmail.com,1.0,27.0,1.0,1.0,1.0,1.0
daniel_megert@ch.ibm.com,4.0,1.0,7.0,2.0,9.0,5.0
igor@ifedorenko.com,13.0,27.0,30.0,3.0,37.0,13.0
jarthana@in.ibm.com,13.0,5.0,7.0,9.0,11.0,12.0
jesper@selskabet.org,12.0,27.0,11.0,10.0,27.0,10.0
kalyan_prasad@in.ibm.com,11.0,27.0,13.0,17.0,27.0,25.0
loskutov@gmx.de,5.0,27.0,8.0,3.0,27.0,6.0
ma.becker@sap.com,10.0,27.0,2.0,27.0,1.0,27.0
manpalat@in.ibm.com,15.0,27.0,14.0,11.0,10.0,9.0
mateusz.matela@gmail.com,1.0,27.0,7.0,9.0,27.0,11.0
mistria@redhat.com,12.0,27.0,14.0,27.0,27.0,1.0
noopur_gupta@in.ibm.com,9.0,2.0,12.0,7.0,4.0,6.0
register.eclipse@brychcy.de,8.0,27.0,10.0,13.0,2.0,7.0
sarika.sinha@in.ibm.com,8.0,1.0,6.0,5.0,3.0,6.0
sasikanth.bharadwaj@in.ibm.com,9.0,27.0,38.0,10.0,27.0,10.0
stephan.herrmann@berlin.de,6.0,7.0,5.0,6.0,5.0,4.0
